epoch,step,train_loss
0,49,0.6628696918487549
0,99,0.6530217528343201
1,149,0.639116108417511
1,199,0.631685197353363
