epoch,step,train_loss
0,49,0.6628696918487549
0,99,0.6530217528343201
