epoch,step,train_loss
0,49,-0.0
0,99,-0.0
1,149,2.1734654903411865
1,199,2.0854814052581787
